.interval,.observations,.portfolio_tickers,id_carteira,.market_ticker,shapiro_w,shapiro_p,adf_stat,adf_lag_order,adf_p
month,3,,1,^BVSP,0.8350175747242663,1.8618907567632542e-6,-2.6509947060096692,3,0.3119851902321287
month,6,,1,^BVSP,0.9801153026083534,0.5053049888810072,-3.317080232106616,3,0.07821828229193604
month,12,,1,^BVSP,0.920460136262181,0.0030860246622888754,-2.163249592712821,3,0.5089258815044645
month,24,,1,^BVSP,0.8911565227306726,0.00197269442581943,-1.3308211298660755,3,0.8335326342933559
week,13,,1,^BVSP,0.9560429701704333,7.149552679798814e-7,-3.103154302682281,6,0.11141332939776281
week,26,,1,^BVSP,0.9454371677740773,9.954329815020772e-8,-2.3775871628834353,6,0.41714675233486687
week,52,,1,^BVSP,0.9312674208186105,2.290128034939437e-8,-1.8963793483100735,5,0.6194790140893379
week,104,,1,^BVSP,0.9670223858846029,7.936998505640685e-4,-2.116517849294203,5,0.5277628065071602
month,3,,1,^GSPC,0.7994926579718876,8.534783498607381e-7,-3.176578931511337,3,0.10233496529830055
month,6,,1,^GSPC,0.8442230514777025,1.8274345581908587e-5,-3.0188057339569823,3,0.1680590819059644
month,12,,1,^GSPC,0.9108447664390471,0.003520850004109522,-2.3458810779046377,3,0.4375099005291494
month,24,,1,^GSPC,0.7344362026826721,6.8288579110833915e-6,-1.708515301320216,3,0.6843529609659897
week,13,,1,^GSPC,0.9811830922781586,0.005555473240935814,-4.346966316160545,5,0.01
week,26,,1,^GSPC,0.959441506426376,1.4904248205228445e-5,-3.1631335950290778,5,0.09554440082848706
week,52,,1,^GSPC,0.8946888667564611,6.993716738268837e-10,-2.2935894532859056,5,0.45357309938615453
week,104,,1,^GSPC,0.6760082581744167,3.0779420697846596e-15,-4.7613788046735825,4,0.01
month,3,,2,^BVSP,0.8651803896346488,1.3804962055965076e-5,-2.701191026233061,3,0.29173248891141373
month,6,,2,^BVSP,0.8662155488661394,2.3455060936901387e-5,-0.3659565180051518,3,0.9845489771468315
month,12,,2,^BVSP,0.8438132650216764,1.4957158730087652e-5,1.4506459279271426,3,0.99
month,24,,2,^BVSP,0.9397877387014341,0.05003330560754052,-2.22222469766919,3,0.48668299701587936
week,13,,2,^BVSP,0.9671963979512137,1.7366397416064226e-5,-5.403209771740009,6,0.01
week,26,,2,^BVSP,0.9582922228289323,2.3597450060193628e-6,-3.6295871660202557,6,0.031146262784326757
week,52,,2,^BVSP,0.9521718494249698,1.8237791406984985e-6,-3.2374153963279073,5,0.08300854505645987
week,104,,2,^BVSP,0.9310643773714069,6.679145692167975e-7,-3.226097557939105,5,0.08605040701014918
month,3,,2,^GSPC,0.9915624434316259,0.9756477563419548,-4.648206752577848,3,0.01
month,6,,2,^GSPC,0.9717156726466826,0.3074629071791718,-1.9741320963855817,3,0.5843466441978156
month,12,,2,^GSPC,0.9475282694561036,0.05732483962532455,-2.2400526715901177,3,0.47913365915826256
month,24,,2,^GSPC,0.9458268940830572,0.1424831953226501,-2.2538519797395518,3,0.4752915546331027
week,13,,2,^GSPC,0.9888469940860365,0.09158363334874789,-3.6710222409899265,5,0.027674221568961592
week,26,,2,^GSPC,0.9708692408925971,3.213974189061119e-4,-2.4032221024351053,5,0.4071545444343925
week,52,,2,^GSPC,0.9764113576853316,0.004212435218218894,-1.776220294337592,5,0.669729004524368
week,104,,2,^GSPC,0.7806035073960056,2.1736360356218926e-12,-2.3877169179651987,4,0.41543032704541916
month,3,,3,^BVSP,0.8374379254924433,2.1692424978876086e-6,-2.953194218361019,3,0.1900568011454433
month,6,,3,^BVSP,0.9757743667675292,0.3410053379963285,-2.294492609047345,3,0.4559030974436792
month,12,,3,^BVSP,0.9401540427086565,0.016451718425214864,-2.3563931694880984,3,0.431791865220408
month,24,,3,^BVSP,0.89694788868046,0.002818637317986485,-3.6039393617229236,3,0.046671260475536096
week,13,,3,^BVSP,0.9674374291960129,1.8712261530193928e-5,-3.600142411487444,6,0.03368252963427471
week,26,,3,^BVSP,0.9861138474965566,0.021415014382722357,-2.2403206448247355,6,0.4748520673358968
week,52,,3,^BVSP,0.9635509843837331,3.1161935792176396e-5,-2.1200004208345216,5,0.5257273853190001
week,104,,3,^BVSP,0.9664990310658006,7.015691284886069e-4,-1.8962385522356258,5,0.6196128209170746
month,3,,3,^GSPC,0.928136677836403,0.004700967735209169,-4.1635993240261495,3,0.01
month,6,,3,^GSPC,0.8579624019693247,4.21058916345637e-5,-3.253826817946042,3,0.0901613330352264
month,12,,3,^GSPC,0.951563578010611,0.07942035775552794,-2.0419526070483607,3,0.5570491221048729
month,24,,3,^GSPC,0.78692501874062,4.911592085338999e-5,-1.6660502410762463,3,0.7006324550215656
week,13,,3,^GSPC,0.9407457508704398,1.0588451456639759e-7,-3.448929985845608,5,0.048652709145566006
week,26,,3,^GSPC,0.9350661677384821,7.258824898469117e-8,-2.423369795897373,5,0.3987139522843012
week,52,,3,^GSPC,0.9743217933119058,0.002337389943024289,-2.6428399804887035,5,0.3076568565606697
week,104,,3,^GSPC,0.9241993470099357,2.8240838550749634e-6,-1.9311885549403949,4,0.605136690238772
month,3,,4,^BVSP,0.9604785652706307,0.05994525176212435,-2.6890710912661047,3,0.29662251714097054
month,6,,4,^BVSP,0.9369258807394982,0.006953058869293707,-2.3090918966770273,3,0.45002340045226463
month,12,,4,^BVSP,0.9184420165329291,0.002620751006471911,-0.5923301362206391,3,0.973117261656882
month,24,,4,^BVSP,0.8694580122626934,5.519528354410492e-4,-1.2058576838473631,3,0.8821565432500533
week,13,,4,^BVSP,0.9816436617260961,0.002639413004100204,-3.7974298452209965,6,0.019657548828359794
week,26,,4,^BVSP,0.9232671408643265,1.04114419745084e-9,-2.599349837296431,6,0.32392019451542564
week,52,,4,^BVSP,0.9158851715257115,1.4899324751605903e-9,-2.1175552579162558,5,0.5267525034065238
week,104,,4,^BVSP,0.897381314891043,4.769285415686166e-9,-1.3750312778135638,5,0.8369409870474038
month,3,,4,^GSPC,0.8289070621676989,4.3536113467927165e-6,-4.422911606080227,3,0.01
month,6,,4,^GSPC,0.8953447634418062,5.133296828359216e-4,-3.365712650498803,3,0.0730219591760412
month,12,,4,^GSPC,0.8612784818787247,1.4358910377397036e-4,-2.1281866534303076,3,0.5231320930460934
month,24,,4,^GSPC,0.9460860708045349,0.1447238607861458,-2.766606327301883,3,0.27872097860767386
week,13,,4,^GSPC,0.9738124116651841,4.7889353617056474e-4,-2.8202633002910655,5,0.2318944379132044
week,26,,4,^GSPC,0.9526323540925808,2.9176322327253823e-6,-2.2691732420183826,5,0.46331242479330437
week,52,,4,^GSPC,0.9766806290193215,0.004549676083128865,-2.130111896666622,5,0.5218737288489845
week,104,,4,^GSPC,0.9672139332485807,0.003937915137147357,-1.5952405758107333,4,0.7447369308910313
month,3,,5,^BVSP,0.5164278284976256,1.9990384382676097e-12,-3.1903792432326896,3,0.09779923752633982
month,6,,5,^BVSP,0.9658162431443431,0.12560888235369969,-2.3982954629184507,3,0.4140976790501609
month,12,,5,^BVSP,0.9550269653410562,0.06357819696589344,-1.745633704446027,3,0.6757053895982319
month,24,,5,^BVSP,0.8485164243454362,1.7597219216572698e-4,-2.8694291033515893,3,0.23485248896825328
week,13,,5,^BVSP,0.9862194362069872,0.016895217621152956,-3.6140345951884787,6,0.0323481113740575
week,26,,5,^BVSP,0.9846589185975906,0.012018627888790793,-1.9716752746671933,6,0.5877875881588257
week,52,,5,^BVSP,0.9381797930943925,8.830698117790724e-8,-1.2090801477819801,5,0.9029076719598199
week,104,,5,^BVSP,0.881484114457489,6.551079162032522e-10,-1.2043993503400403,5,0.9030677814136558
month,3,,5,^GSPC,0.9538396193274963,0.049156702463360624,-3.6783887515056364,3,0.03556384507403673
month,6,,5,^GSPC,0.9552974748068529,0.07002018056632314,-3.605686296389184,3,0.042720268150228585
month,12,,5,^GSPC,0.9542480172865621,0.09873135014438311,-1.9961962931931072,3,0.5750457057254249
month,24,,5,^GSPC,0.8822381614803623,0.0037769259676452217,-2.276636691119344,3,0.4665567601612637
week,13,,5,^GSPC,0.9779941610305848,0.0018611102818054072,-3.7036378806491457,5,0.024786433705389677
week,26,,5,^GSPC,0.97140539749011,3.756923893754741e-4,-3.1324915299070795,5,0.10163739844697135
week,52,,5,^GSPC,0.9480058283042178,4.460775297269797e-6,-2.7461507961858085,5,0.264493783363634
week,104,,5,^GSPC,0.7095674387910171,2.091165272111096e-14,-3.4607605256646603,4,0.04873911437277274
month,3,,6,^BVSP,0.7640790655992242,4.183372468267021e-8,-3.817631069029908,3,0.023932179088298776
month,6,,6,^BVSP,0.9780907462046138,0.43545526147011443,-2.4492978690313936,3,0.39362130447518884
month,12,,6,^BVSP,0.9483275548957262,0.03725095756473436,-1.8186369457204306,3,0.6463092465748433
month,24,,6,^BVSP,0.9709835770403642,0.47084154524924443,-2.73306639628195,3,0.2884424786325181
week,13,,6,^BVSP,0.9204772524778289,3.0016783762667986e-10,-4.505849604632116,6,0.01
week,26,,6,^BVSP,0.9499756398380915,3.034330392109851e-7,-3.0667118227339785,6,0.12749958411069987
week,52,,6,^BVSP,0.9292909448819281,1.6821347574876e-8,-2.301100333477765,5,0.44982170049140013
week,104,,6,^BVSP,0.9318530206198706,8.16611197384461e-7,-2.2166536042449394,5,0.48602448575709567
month,3,,6,^GSPC,0.7933075031618797,7.527589553793547e-7,-2.6901629952505512,3,0.29797358605141033
month,6,,6,^GSPC,0.902130481809394,9.643942191958919e-4,-2.686088437163458,3,0.30115767906025526
month,12,,6,^GSPC,0.9437794494782259,0.046434421158174526,-2.304593646235408,3,0.4539271404099656
month,24,,6,^GSPC,0.7597999894403429,2.2558513943704834e-5,-2.1239106338142038,3,0.5251298263908938
week,13,,6,^GSPC,0.9820744835169999,0.007820911692871283,-4.0148682730899905,5,0.01
week,26,,6,^GSPC,0.9702128753914349,2.767611316861067e-4,-3.581955116409558,5,0.03635988778049417
week,52,,6,^GSPC,0.9154634054153347,1.509190687136165e-8,-3.442074281448726,5,0.04980793690289578
week,104,,6,^GSPC,0.8088039458367867,2.0783489157847283e-11,-4.24149708873231,4,0.01
month,3,,7,^BVSP,0.911697985734424,5.137151938366731e-4,-2.9865488565230445,3,0.1765992106019591
month,6,,7,^BVSP,0.9657446551991657,0.12468554878632714,-1.8837548307604282,3,0.6213230645346645
month,12,,7,^BVSP,0.9202058544116832,0.003022883546506369,-0.6240777919338965,3,0.9703916730825981
month,24,,7,^BVSP,0.9447925771575967,0.07172358577870891,-3.8133279988078055,3,0.030808484938802623
week,13,,7,^BVSP,0.970388280103025,4.772783067865255e-5,-4.45127759243621,6,0.01
week,26,,7,^BVSP,0.9690148552097375,5.065564690741154e-5,-2.4309204108628792,6,0.39472604903294617
week,52,,7,^BVSP,0.971033028871349,2.5648247572876074e-4,-1.5815472912588506,5,0.751470233899095
week,104,,7,^BVSP,0.9776881383157885,0.011602383541447542,-1.5964566266427065,5,0.7446131026195324
month,3,,7,^GSPC,0.9584655607605315,0.0766628778980851,-3.5296867156136127,3,0.04787361625715127
month,6,,7,^GSPC,0.939083525683355,0.016453236302525508,-2.8834851130045154,3,0.22198242159612858
month,12,,7,^GSPC,0.9430355014268914,0.039992019800058676,-2.25116794086016,3,0.4747618718347454
month,24,,7,^GSPC,0.8993356734838044,0.009444819459934957,-2.9627463038042254,3,0.20352834816782622
week,13,,7,^GSPC,0.9732514826757717,4.0173888518158375e-4,-3.3857296430013064,5,0.058156170610893385
week,26,,7,^GSPC,0.9753704550171418,0.0012374254597274687,-2.524782749735093,5,0.3562284249119845
week,52,,7,^GSPC,0.9589574274282496,4.790602010227277e-5,-3.1012356408427433,5,0.11613997318735036
week,104,,7,^GSPC,0.8832141100592918,1.7977222895066654e-8,-2.8776004741457877,4,0.2118635054453406
month,3,,8,^BVSP,0.9534510939042576,0.030415815130310914,-2.739741419229032,3,0.27631394385926134
month,6,,8,^BVSP,0.9469037852932761,0.01985380266729665,-1.702948701669291,3,0.6940234648141312
month,12,,8,^BVSP,0.9014272423036922,8.000480488110554e-4,0.7567691019617209,3,0.99
month,24,,8,^BVSP,0.8555087874518374,3.0825919552721065e-4,-1.0938024425967476,3,0.9096450657156329
week,13,,8,^BVSP,0.9822860407441155,0.0034891527284983347,-4.242843339418369,6,0.01
week,26,,8,^BVSP,0.9681529244259603,4.0468002445923244e-05,-2.8821603218958787,6,0.20507482616118317
week,52,,8,^BVSP,0.9592311451007066,1.0614957521510264e-5,-2.0875457941130495,5,0.5393436201580174
week,104,,8,^BVSP,0.9618907133918749,2.5692363319609955e-4,-1.7191112770357557,5,0.6934634381061403
month,3,,8,^GSPC,0.888971156710899,2.4444162158770934e-4,-3.3115474806753737,3,0.08039178826185432
month,6,,8,^GSPC,0.9511571117570226,0.0519695053537753,-2.8338518393233145,3,0.24240483525911952
month,12,,8,^GSPC,0.8960049764688486,0.0014658476673588402,-1.768724499347595,3,0.664236852689327
month,24,,8,^GSPC,0.9257013513107815,0.048079238356707237,-3.2483698477454857,3,0.0981544495872358
week,13,,8,^GSPC,0.9829178409546789,0.010558573007989519,-3.158191396237548,5,0.09610143396040863
week,26,,8,^GSPC,0.9694214001040852,2.2088067846896941e-4,-2.6316795484177904,5,0.3114792271088252
week,52,,8,^GSPC,0.9698231366867914,7.222039961807858e-4,-3.067745312115426,5,0.13018472600922143
week,104,,8,^GSPC,0.9007047314412526,1.4650964407881947e-7,-2.9107676685109434,4,0.19812637989919593
month,3,,9,^BVSP,0.9193817358817524,0.0010100536232831147,-3.4790112738741006,3,0.0523596861029439
month,6,,9,^BVSP,0.9816083347490736,0.5716239558714366,-1.6254138377217995,3,0.7253669602409185
month,12,,9,^BVSP,0.9345379237181131,0.01006034760251147,-1.8410895353605856,3,0.637584051373568
month,24,,9,^BVSP,0.9610972428278183,0.2323453986865568,-1.588181737825549,3,0.7333923199122379
week,13,,9,^BVSP,0.9511339221457932,2.020021152377162e-7,-3.2493748376213674,6,0.08014863817421655
week,26,,9,^BVSP,0.9219972757113352,8.231835734178734e-10,-2.439959431322605,6,0.3909261455291202
week,52,,9,^BVSP,0.8575916694413583,4.4308142776826e-13,-2.172176941993852,5,0.5038527301845989
week,104,,9,^BVSP,0.9373031845280211,1.930703837929479e-6,-2.1587078269493647,5,0.5101708216618931
month,3,,9,^GSPC,0.9281961637541833,0.004725193963602002,-4.341226171257329,3,0.01
month,6,,9,^GSPC,0.9596400260511195,0.10410543170852431,-2.1759270320142554,3,0.5039342370933432
month,12,,9,^GSPC,0.9726409675561215,0.4187365120040012,-2.4646867253947877,3,0.3907820155772713
month,24,,9,^GSPC,0.8790783526530447,0.0032051394832179124,-2.9064463340467115,3,0.22511162198707635
week,13,,9,^GSPC,0.9846365294035452,0.019186345678113708,-3.4873942404067773,5,0.04501943572983842
week,26,,9,^GSPC,0.9687602678773386,1.7590216230092736e-4,-2.9516002342129712,5,0.17741925671848716
week,52,,9,^GSPC,0.9062409806604385,3.520503929808691e-9,-3.4636502480836975,5,0.04779672850015154
week,104,,9,^GSPC,0.8036471156737102,1.225665493020301e-11,-3.3504355200150773,4,0.06606074666415379
month,3,,10,^BVSP,0.4937138399354448,9.899339680116943e-13,-3.9782677185279227,3,0.016888714432448316
month,6,,10,^BVSP,0.9648460611548049,0.11364850925117757,-2.864265569516275,3,0.22643352013037665
month,12,,10,^BVSP,0.9554481976705506,0.0661117671396788,-2.4693078985319077,3,0.38669812358949385
month,24,,10,^BVSP,0.9417287692547816,0.05751142252056984,-3.4244977046593896,3,0.0696951010669492
week,13,,10,^BVSP,0.8539247274575927,1.3257676139063821e-14,-5.383917838389632,6,0.01
week,26,,10,^BVSP,0.9699289115329297,6.727973812413408e-5,-2.819206099004928,6,0.2314950713589371
week,52,,10,^BVSP,0.9809948450481697,0.0061778320059254046,-4.224821532968502,5,0.01
week,104,,10,^BVSP,0.9802401824976673,0.02308015005810246,-3.0906474841864813,5,0.121579283149596
month,3,,10,^GSPC,0.6581618801461155,1.5799061358103144e-9,-4.020656215317351,3,0.01588379606523141
month,6,,10,^GSPC,0.9558971593324714,0.07395643114535617,-2.5031128858091733,3,0.37355533540180386
month,12,,10,^GSPC,0.8922643050142909,9.879450513508123e-4,-1.531178215550949,3,0.7579436713663917
month,24,,10,^GSPC,0.8789856814934717,0.003189822946907703,-3.219532902443607,3,0.10508610218761477
week,13,,10,^GSPC,0.962029638167558,1.585864279801434e-5,-3.198018649738133,5,0.08944133615475562
week,26,,10,^GSPC,0.9201230854251046,4.861800457223059e-9,-2.216663037154131,5,0.4853108348746833
week,52,,10,^GSPC,0.9055005299862942,3.1624858590366705e-9,-2.7678599838812046,5,0.25542372374575384
week,104,,10,^GSPC,0.7474328826238705,2.2181294749289985e-13,-3.8126038776847455,4,0.020671017622337272
month,3,,11,^BVSP,0.9282695124011314,0.0022824797450662782,-3.8544157209469416,3,0.022270464037647375
month,6,,11,^BVSP,0.9759031443319754,0.34520355527234303,-1.7860553053789083,3,0.6606704368188046
month,12,,11,^BVSP,0.9708582180288516,0.2734826620879365,-0.2376969863273389,3,0.9896264513631006
month,24,,11,^BVSP,0.9075465799040314,0.005523218116689875,-1.8899020650245355,3,0.6159914143873404
week,13,,11,^BVSP,0.9267045481930799,9.269427977011743e-10,-4.430258785779685,6,0.01
week,26,,11,^BVSP,0.9568101960982202,1.5973131329658225e-6,-3.0419553134251704,6,0.1378537831108058
week,52,,11,^BVSP,0.9430802313713323,2.4280173882690827e-7,-1.678973985565551,5,0.7106247483916217
week,104,,11,^BVSP,0.9638281882111145,3.7806640098299695e-4,-2.138966918430254,5,0.5184022022598753
month,3,,11,^GSPC,0.9704204388211444,0.24072155712128449,-3.128006433677044,3,0.1218185183806483
month,6,,11,^GSPC,0.9104747773462722,0.0015820877649143639,-2.712832447891637,3,0.2899850775486604
month,12,,11,^GSPC,0.9755646856915631,0.5131885995110315,-2.643899891271944,3,0.320295028014968
month,24,,11,^GSPC,0.8465049965304428,6.450223527019931e-4,-2.420141634447314,3,0.4115424058089654
week,13,,11,^GSPC,0.984902877114721,0.021155064245881556,-2.777911388192237,5,0.24966136485555512
week,26,,11,^GSPC,0.9774337136894743,0.0023644206041719827,-2.908046080547155,5,0.1956656554054651
week,52,,11,^GSPC,0.9568721745150578,2.9813855818407834e-5,-3.622322463343162,5,0.03309759788693533
week,104,,11,^GSPC,0.8097768147127515,1.9870587351007257e-11,-3.5959943256698184,4,0.03652507896768259
month,3,,12,^BVSP,0.5703048195522411,1.1673643212932773e-11,-3.6106293063007797,3,0.040202511231453325
month,6,,12,^BVSP,0.9510320065530138,0.02759537204776374,-1.9145062338012646,3,0.6089382868299378
month,12,,12,^BVSP,0.9103085805714195,0.0013765229808713236,-1.3376178456539418,3,0.8386510201062531
month,24,,12,^BVSP,0.9287349700824341,0.022916280838894618,-6.069206369244093,3,0.01
week,13,,12,^BVSP,0.9917818889874503,0.1787516958451741,-2.8163516876912906,6,0.2321469075880345
week,26,,12,^BVSP,0.973465048524655,2.0957319916560887e-4,-3.265882058497857,6,0.07768632358369047
week,52,,12,^BVSP,0.9340953948358192,3.9374487824014184e-8,-3.6313952970940484,5,0.03154865986683372
week,104,,12,^BVSP,0.9091092433721827,2.3426754882648535e-8,-3.051522163827142,5,0.13789339567303574
month,3,,12,^GSPC,0.9653121293509539,0.14830625255405294,-4.216553491303865,3,0.01
month,6,,12,^GSPC,0.981451773788585,0.6530199458360275,-2.373517047123762,3,0.42519743091302575
month,12,,12,^GSPC,0.9608934421931037,0.1690208144263887,-2.313410348139326,3,0.45028108234441466
month,24,,12,^GSPC,0.8172139335164765,1.7275425193220555e-4,-1.957461407748455,3,0.588916462431108
week,13,,12,^GSPC,0.9848860136849626,0.021024474650873697,-3.50761610279657,5,0.04310931018924087
week,26,,12,^GSPC,0.9552606814549329,5.392000247825995e-6,-3.4003922170759777,5,0.05600129715400377
week,52,,12,^GSPC,0.80001702303934,2.6964683616430984e-14,-4.070091775589051,5,0.01
week,104,,12,^GSPC,0.6810970985131739,4.076926880984343e-15,-4.085687518402189,4,0.01
month,3,,13,^BVSP,0.712451677224267,3.6497643473177235e-9,-2.6108670832988636,3,0.32827940189561955
month,6,,13,^BVSP,0.9564670485833873,0.051359691942531885,-1.9659712524190145,3,0.5881580791229566
month,12,,13,^BVSP,0.946602478998458,0.03191985397063937,-1.0363119749602925,3,0.9225383702103508
month,24,,13,^BVSP,0.831016703883619,8.803189243655628e-5,-1.2563356816645215,3,0.8618187995866738
week,13,,13,^BVSP,0.9472322773132904,8.18355667965142e-8,-4.363207828003004,6,0.01
week,26,,13,^BVSP,0.9550526504790172,1.064435744093766e-6,-2.659018287618874,6,0.29887139374294214
week,52,,13,^BVSP,0.9217447203542415,4.327745535985124e-9,-2.1430027150399424,5,0.5160961161014703
week,104,,13,^BVSP,0.8778052660188311,4.643590372125961e-10,-1.0804569719044608,5,0.922651195419826
month,3,,13,^GSPC,0.8942699543234817,3.5900092374643286e-4,-3.3275779424104384,3,0.07791182821620696
month,6,,13,^GSPC,0.9296299611600933,0.00817599127966669,-2.117058846003429,3,0.5274119896606643
month,12,,13,^GSPC,0.9407649407826861,0.03669705192380186,-1.985824388624579,3,0.5790328145115468
month,24,,13,^GSPC,0.8290076866188363,3.6259567346471597e-4,-2.1677291015903837,3,0.5083668318322939
week,13,,13,^GSPC,0.9949460736173007,0.6937382089593056,-3.420657322963725,5,0.05235711283937919
week,26,,13,^GSPC,0.9769321845020348,0.0020854323400037816,-2.3901567451280763,5,0.4126512046100145
week,52,,13,^GSPC,0.972588157298677,0.0015087496755014154,-2.615900240367743,5,0.31894506929807076
week,104,,13,^GSPC,0.8900881436240318,4.257402369296153e-8,-2.728555881844897,4,0.2738350271064448
month,3,,14,^BVSP,0.4412072577293574,2.1155333019359158e-13,-4.55192057755502,3,0.01
month,6,,14,^BVSP,0.9720878234180585,0.23786705542687653,-1.2973212517409864,3,0.857502516415229
month,12,,14,^BVSP,0.9349706066479196,0.01044460758623465,-1.3890408209659535,3,0.8181146881126383
month,24,,14,^BVSP,0.9415830089231014,0.0569119474281603,-2.4157837827257813,3,0.41136817792771163
week,13,,14,^BVSP,0.9868179728058903,0.021729516434825367,-4.510961173796225,6,0.01
week,26,,14,^BVSP,0.9759848803209613,4.899443736622711e-4,-2.807767951379943,6,0.2363035411960302
week,52,,14,^BVSP,0.9682068869109542,1.1273902049115648e-4,-3.091370563150218,5,0.11848699445192264
week,104,,14,^BVSP,0.9537820283965616,4.327312258277824e-5,-3.134142814225051,5,0.10344300459708068
month,3,,14,^GSPC,0.9543085742124978,0.05141256237190635,-3.5353195238742283,3,0.047407324182596994
month,6,,14,^GSPC,0.9577260081720855,0.08739829786188603,-2.1337213660559398,3,0.5207525937214824
month,12,,14,^GSPC,0.9702794915050238,0.3521160897023227,-2.4730554099338793,3,0.38749049756779586
month,24,,14,^GSPC,0.8490909193367351,7.284665403879143e-4,-2.297281579282632,3,0.458642292780283
week,13,,14,^GSPC,0.9777888693900598,0.001737623921456343,-2.946520878751774,5,0.17892848994856528
week,26,,14,^GSPC,0.9820650822345294,0.010837182195875013,-2.845845050315852,5,0.22172390016093338
week,52,,14,^GSPC,0.9371484013062881,5.42877631270267e-7,-3.5342576956817022,5,0.041255771768617014
week,104,,14,^GSPC,0.7968786934337273,7.273788163393923e-12,-3.70483960676712,4,0.02669439967782514
month,3,,15,^BVSP,0.646721485186853,1.8934792104433614e-10,-3.779468644778716,3,0.026019099060927763
month,6,,15,^BVSP,0.830813406194233,2.398653387759208e-6,-3.6968904085451917,3,0.03327556822747726
month,12,,15,^BVSP,0.9786016339990373,0.5218432500098307,-1.4578354941711695,3,0.790640777088191
month,24,,15,^BVSP,0.9343376646813762,0.033946396629953926,-3.3909774778097908,3,0.07456722706253044
week,13,,15,^BVSP,0.9721483519500448,8.518799172904281e-5,-4.018686302949076,6,0.01
week,26,,15,^BVSP,0.9800015621803181,0.002041929875962072,-2.970647156951689,6,0.16783093769766083
week,52,,15,^BVSP,0.9920840336477019,0.315007582340084,-2.573449764269285,5,0.3356218016549132
week,104,,15,^BVSP,0.92132560840758,1.4126730759402502e-7,-2.8417399833961396,5,0.22536641993280945
month,3,,15,^GSPC,0.9071071205389925,8.318878615197093e-4,-3.0609899593380017,3,0.1487003773212991
month,6,,15,^GSPC,0.89619347276795,5.457466813517372e-4,-2.888432124768997,3,0.220011107882448
month,12,,15,^GSPC,0.9800520212893704,0.6774908920649425,-2.4959470791147673,3,0.37848689120363144
month,24,,15,^GSPC,0.8000954936930686,8.385402260704552e-5,-2.0196627794927497,3,0.5650708148388922
week,13,,15,^GSPC,0.9840571036065565,0.015527739949812885,-3.458199710829183,5,0.04777710540026609
week,26,,15,^GSPC,0.9802722525245124,0.0059447204860545375,-3.2586369235016677,5,0.07962717941638876
week,52,,15,^GSPC,0.9185401317339005,2.2704415746988482e-8,-3.4789187847175684,5,0.04638227661336755
week,104,,15,^GSPC,0.7255167883989813,5.4969181787735126e-14,-4.035134244699842,4,0.01
month,3,,16,^BVSP,0.9348816011101007,0.004289418988355464,-2.6489988863461575,3,0.31279044327369077
month,6,,16,^BVSP,0.9533009924289652,0.03470569508510756,-1.5813647572745002,3,0.7431072262285542
month,12,,16,^BVSP,0.9095603184783424,0.001298855848462357,0.1725364875102763,3,0.99
month,24,,16,^BVSP,0.908061931075513,0.005710639920854822,-2.954824512407837,3,0.2016247033432542
week,13,,16,^BVSP,0.9729821763965605,1.127388051347556e-4,-3.560934706733082,6,0.03744863856944014
week,26,,16,^BVSP,0.9667426659981969,2.5433206068207215e-5,-2.8800561997314915,6,0.20591436690215795
week,52,,16,^BVSP,0.9650633182812102,4.690054894761826e-5,-3.1782371608113382,5,0.09287158430922138
week,104,,16,^BVSP,0.959538224832383,1.4551943461188534e-4,-2.676007773697728,5,0.294471896717303
month,3,,16,^GSPC,0.9446250235935348,0.02061362298137522,-3.2989745606341097,3,0.08187584567255762
month,6,,16,^GSPC,0.9782232639789264,0.5209419085074378,-2.2905167563875026,3,0.4582718643604293
month,12,,16,^GSPC,0.9526491947909337,0.0867242363972729,-2.4203351871163847,3,0.4082260817634672
month,24,,16,^GSPC,0.8905812596339416,0.005871629349044246,-2.2545289150640153,3,0.47503204329537463
week,13,,16,^GSPC,0.9884239266172494,0.07823236899343607,-3.044854325997487,5,0.1376769127086227
week,26,,16,^GSPC,0.9865453260712299,0.051107252090181375,-2.784029791836024,5,0.24762053127942016
week,52,,16,^GSPC,0.9678957363644447,4.19906635440389e-4,-3.1076129976625864,5,0.11347552496514729
week,104,,16,^GSPC,0.7765293248474688,1.6220909183647286e-12,-3.5076314179344923,4,0.04450583291776623
month,3,,17,^BVSP,0.830304255577257,1.3877728945184881e-6,-3.3060403235086615,3,0.0795906291705508
month,6,,17,^BVSP,0.9541024009023338,0.03764863368301793,-2.4014050084994634,3,0.41284534494584657
month,12,,17,^BVSP,0.9305150051318307,0.007123534266127718,-2.0101035616663667,3,0.5700864370341986
month,24,,17,^BVSP,0.912653841926709,0.00770915130022309,-2.208413513856174,3,0.4920569984995433
week,13,,17,^BVSP,0.9194828456851736,2.351455173268659e-10,-3.207499530235692,6,0.08712785607182907
week,26,,17,^BVSP,0.9733593191129323,2.0238711037116379e-4,-1.5356311451714906,6,0.7710956825343181
week,52,,17,^BVSP,0.9090680725146811,4.905754010345778e-10,-0.6262462514184726,5,0.9753735911502391
week,104,,17,^BVSP,0.8730451141518228,2.4464545621357037e-10,-1.6312107296938636,5,0.730121659671067
month,3,,17,^GSPC,0.9657117645274284,0.15409843269634912,-3.1203865005347864,3,0.12487504992587804
month,6,,17,^GSPC,0.9398794180672397,0.017633560661819564,-2.2298247694808455,3,0.48245675653283704
month,12,,17,^GSPC,0.9615728775415319,0.17849825084491786,-2.3977486501862937,3,0.4171096754429524
month,24,,17,^GSPC,0.747316484995302,1.0846710550290897e-5,-1.9324458027190754,3,0.5985064969449586
week,13,,17,^GSPC,0.9828287529486779,0.009961365863296158,-3.39725224950417,5,0.05623573619374943
week,26,,17,^GSPC,0.960206805594309,1.805457278214125e-5,-3.3495690822744124,5,0.06447181962093132
week,52,,17,^GSPC,0.9048000283615956,2.8587444826991095e-9,-3.670421461434765,5,0.02864178655186834
week,104,,17,^GSPC,0.6427460513605403,5.281079834724405e-16,-4.813241761798054,4,0.01
month,3,,18,^BVSP,0.8670627175212764,1.5765491295408428e-5,-2.9779163653793055,3,0.1800821604279583
month,6,,18,^BVSP,0.9138551917658425,8.815795677132349e-4,-1.9286225373457995,3,0.6032531061837296
month,12,,18,^BVSP,0.7978171429935594,1.1604317452994596e-6,-1.8466949346513222,3,0.6353454733820598
month,24,,18,^BVSP,0.9291838318264634,0.023643526559489036,-3.84142450614775,3,0.028679961655473506
week,13,,18,^BVSP,0.9611092400247709,2.8673891356680345e-6,-4.295808390643029,6,0.01
week,26,,18,^BVSP,0.9528419299573174,5.815507745708867e-7,-2.620507862981583,6,0.31502559622424253
week,52,,18,^BVSP,0.9607571903004057,1.4953061173573078e-5,-2.5707725217181876,5,0.3367442175656551
week,104,,18,^BVSP,0.9575461179818407,9.483197286048174e-5,-2.358730657616233,5,0.42676716038101403
month,3,,18,^GSPC,0.9539407767278838,0.049634575654906,-3.3634266745154653,3,0.07185530557906326
month,6,,18,^GSPC,0.9392848983974291,0.01674385386996478,-2.39103412359182,3,0.41821712548642354
month,12,,18,^GSPC,0.9661923850359194,0.2574679649169879,-2.509868023316255,3,0.37301159358259395
month,24,,18,^GSPC,0.8272075177524214,2.6755585174757264e-4,-1.9762736228413047,3,0.5817045724204314
week,13,,18,^GSPC,0.9827753205658339,0.00977233295951901,-2.63227057129859,5,0.31075871856028386
week,26,,18,^GSPC,0.9843413810828778,0.02365572220762219,-2.6995185498426304,5,0.28302532474125247
week,52,,18,^GSPC,0.9600749174384506,6.206101520584017e-5,-3.1511210330073376,5,0.0981242722765548
week,104,,18,^GSPC,0.7561108474060838,3.945525555699107e-13,-3.831232731157254,4,0.019764944982623836
month,3,,19,^BVSP,0.9042260784432627,3.0894284625149866e-4,-2.7126193035451807,3,0.2872502808285562
month,6,,19,^BVSP,0.9767263479057804,0.3852265015148885,-0.20759361461889816,3,0.99
month,12,,19,^BVSP,0.9459023170428672,0.0299874554566753,0.9763012744127271,3,0.99
month,24,,19,^BVSP,0.8876307030234651,0.0018693852518957613,-2.036523935755645,3,0.5588918906015746
week,13,,19,^BVSP,0.9833750355487805,0.0053812271213851985,-4.110337736213875,6,0.01
week,26,,19,^BVSP,0.9489140573627183,2.355460811565688e-7,-2.5330126701778095,6,0.351837185017034
week,52,,19,^BVSP,0.9182561074126414,2.3744005908448624e-9,-2.5993776719082904,5,0.32478404028158014
week,104,,19,^BVSP,0.9768346029092076,0.009585032390102579,-2.825535621883763,5,0.23216498288495735
month,3,,19,^GSPC,0.9540837174993547,0.05414034786944207,-3.532809970089642,3,0.04795970640710183
month,6,,19,^GSPC,0.9611388212802796,0.1269548646003138,-2.3193194345971686,3,0.44699028445440614
month,12,,19,^GSPC,0.936906619671232,0.027229550824860112,-2.0208052976869193,3,0.5653040432939879
month,24,,19,^GSPC,0.815712111608869,2.0462840991127028e-4,-2.2799091157114906,3,0.46545175374464787
week,13,,19,^GSPC,0.9737682711624022,4.89663037861159e-4,-3.1600229654478014,5,0.09579617242536642
week,26,,19,^GSPC,0.9807811691681151,0.0072483393195237646,-2.994235116658524,5,0.1596075889306983
week,52,,19,^GSPC,0.9337565364080037,3.131069614448533e-7,-3.5096957468728656,5,0.04354669010436432
week,104,,19,^GSPC,0.7536756953001468,3.8333382953030043e-13,-3.821966644597066,4,0.020229631503276446
month,3,,20,^BVSP,0.8271290120798479,1.141510405773553e-6,-3.4530540005925654,3,0.056446158596888354
month,6,,20,^BVSP,0.9465066906285021,0.017570573600109433,-1.957606265721704,3,0.5915802393388224
month,12,,20,^BVSP,0.9377055338807838,0.013258019311876527,-0.6944218868463271,3,0.9643525165825612
month,24,,20,^BVSP,0.9282155195018605,0.022103732083918116,-3.965507100053228,3,0.022154255023119553
week,13,,20,^BVSP,0.9900569803440827,0.08638846510924299,-3.7678157580850256,6,0.02113759538668797
week,26,,20,^BVSP,0.9579126350374764,2.133804025223708e-6,-3.621547701204521,6,0.031913387289644934
week,52,,20,^BVSP,0.9176175946303995,1.993850873193365e-9,-3.5107979576501025,5,0.04290576742370959
week,104,,20,^BVSP,0.7922001340093255,1.0473459960312741e-13,-3.486112514669811,5,0.04598820533500266
month,3,,20,^GSPC,0.9562131777666671,0.061718480119707646,-3.505518223822924,3,0.049874319219956616
month,6,,20,^GSPC,0.9523169266670353,0.05339488927029567,-2.4056654392588865,3,0.41238675462885577
month,12,,20,^GSPC,0.9485569054228105,0.06228049225478486,-2.3769728275671618,3,0.4252810904357279
month,24,,20,^GSPC,0.854488368210244,9.418634844043488e-4,-2.2198144193553273,3,0.4883402647669821
week,13,,20,^GSPC,0.973585189222347,4.45919058505079e-4,-3.2961412152137077,5,0.07308757524215982
week,26,,20,^GSPC,0.9694807805397452,2.1569524452857037e-4,-3.293376474818171,5,0.07383725419697157
week,52,,20,^GSPC,0.8836971770112336,1.6644481015882498e-10,-3.8089133997154923,5,0.020121225418455235
week,104,,20,^GSPC,0.6974973147280374,1.0316452996447081e-14,-4.183837517255577,4,0.01
